# t_s; s_m; x_m; y_m; psi_rad; kappa_radpm; vx_mps; ax_mps2
0.0000000; 0.0000000; 0.0020334; 0.0729129; -1.7097962; -0.0013201; 22.9009998; 5.3443391
0.0863493; 1.9974092; 1.9798809; -0.2057003; -1.7113165; -0.0002027; 23.3624796; 4.2901400
0.1711849; 3.9948184; 3.9579688; -0.4851559; -1.7105814; 0.0009651; 23.7264364; 3.1023367
0.2549116; 5.9922277; 5.9360251; -0.7607080; -1.7074305; 0.0021917; 23.9861847; -1.4051345
0.3383890; 7.9896369; 7.9161794; -1.0277510; -1.7018710; 0.0033735; 23.8688877; -3.6852280
0.4226193; 9.9870461; 9.8975680; -1.2813820; -1.6939775; 0.0044893; 23.5584801; -6.1537601
0.5083647; 11.9844553; 11.8802936; -1.5171507; -1.6839815; 0.0055259; 23.0308235; -8.3341850
0.5964977; 13.9818645; 13.8671484; -1.7312800; -1.6720299; 0.0064295; 22.2963063; -8.3358248
0.6876351; 15.9792737; 15.8554743; -1.9197621; -1.6582863; 0.0073311; 21.5366006; -8.2179319
0.7820819; 17.9766830; 17.8457169; -2.0790656; -1.6427505; 0.0082320; 20.7604437; -8.0521027
0.8801596; 19.9740922; 19.8399429; -2.2053577; -1.6248075; 0.0097697; 19.9707119; -7.6313649
0.9821645; 21.9715014; 21.8348477; -2.2925711; -1.6034619; 0.0119197; 19.1922749; -7.1850950
1.0883487; 23.9689106; 23.8313821; -2.3321495; -1.5768353; 0.0147351; 18.4293317; -6.1970018
1.1987812; 25.9663198; 25.8284581; -2.3121290; -1.5432867; 0.0189390; 17.7449815; -5.4692858
1.3133665; 27.9637290; 27.8211791; -2.2168553; -1.5015897; 0.0223921; 17.1182816; -4.7442876
1.4319996; 29.9611383; 29.8118105; -2.0325897; -1.4547441; 0.0243464; 16.5554522; -3.7510677
1.5543449; 31.9585475; 31.7799400; -1.7519862; -1.4022161; 0.0284263; 16.0965264; -3.3817946
1.6800955; 33.9559567; 33.7385286; -1.3588877; -1.3422063; 0.0315624; 15.6712637; -3.0017780
1.8091474; 35.9533659; 35.6734457; -0.8414605; -1.2756423; 0.0349784; 15.2838787; -2.7485079
1.9414076; 37.9507751; 37.5619002; -0.1952040; -1.2075283; 0.0325727; 14.9203606; -2.6454700
2.0769066; 39.9481843; 39.4232439; 0.5814740; -1.1439966; 0.0313519; 14.5619019; -2.5550003
2.2157650; 41.9455936; 41.2223016; 1.4732147; -1.0743285; 0.0402482; 14.2071188; -2.6434770
2.3582457; 43.9430028; 42.9795831; 2.5329351; -0.9791339; 0.0501439; 13.8304741; -2.1135226
2.5042965; 45.9404120; 44.5361014; 3.7051882; -0.8634993; 0.0729562; 13.5217926; -0.6717870
2.6525603; 47.9378212; 45.9066017; 5.0424001; -0.7391654; 0.0577153; 13.4221909; 0.4072499
2.8010398; 49.9352304; 47.1752743; 6.5959722; -0.6351359; 0.0453970; 13.4826591; 0.4335522
2.9488351; 51.9326397; 48.2988550; 8.2738681; -0.5446787; 0.0461127; 13.5467361; 0.2849121
3.0960530; 53.9300489; 49.2483304; 10.0217469; -0.4495588; 0.0495240; 13.5886803; 0.7045647
3.2424878; 55.9274581; 50.0299327; 11.8796359; -0.3470375; 0.0477211; 13.6918530; 1.4849406
3.3872347; 57.9248673; 50.6273371; 13.7893232; -0.2627668; 0.0373803; 13.9067936; 2.8849971
3.5287847; 59.9222765; 51.0822184; 15.7450346; -0.1982995; 0.0258122; 14.3151650; 3.4272355
3.6660599; 61.9196857; 51.4326977; 17.7041468; -0.1595438; 0.0160601; 14.7856394; 3.7665856
3.7989032; 63.9170950; 51.7162381; 19.6805774; -0.1244581; 0.0189838; 15.2860053; 4.1671532
3.9273244; 65.9145042; 51.9266600; 21.6652467; -0.0880287; 0.0159715; 15.8211560; 4.5089738
4.0513806; 67.9119134; 52.0738500; 23.6560577; -0.0612113; 0.0112431; 16.3805222; 4.9883188
4.1711351; 69.9093226; 52.1757518; 25.6506913; -0.0419495; 0.0080196; 16.9778955; 5.2744747
4.2867079; 71.9067318; 52.2453363; 27.6465676; -0.0284401; 0.0058132; 17.5874815; 4.8849790
4.3985410; 73.9041410; 52.2917013; 29.6433476; -0.0184447; 0.0047446; 18.1337837; 2.9482900
4.5077204; 75.9015503; 52.3182177; 31.6405747; -0.0076761; 0.0060386; 18.4556764; -1.3248943
4.6163715; 77.8989595; 52.3198175; 33.6372019; 0.0073478; 0.0095825; 18.3117252; -3.7051390
4.7266807; 79.8963687; 52.2832015; 35.6333675; 0.0308466; 0.0143134; 17.9030144; -6.2597352
4.8405144; 81.8937779; 52.1890552; 37.6282084; 0.0654645; 0.0202915; 17.1904455; -4.9897483
4.9587358; 83.8911871; 52.0150145; 39.6132939; 0.1110598; 0.0252397; 16.6005506; -4.2665307
5.0809780; 85.8885963; 51.7407454; 41.5925195; 0.1656396; 0.0290729; 16.0790007; -3.4288324
5.2068932; 87.8860056; 51.3529644; 43.5504118; 0.2262458; 0.0315521; 15.6472586; -3.0109869
5.3361531; 89.8834148; 50.8465720; 45.4734810; 0.2874870; 0.0284697; 15.2580587; -2.7855525
5.4686644; 91.8808240; 50.2239231; 47.3884722; 0.3395866; 0.0244277; 14.8889415; -2.5884949
5.6044203; 93.8782332; 49.5017122; 49.2676749; 0.3976209; 0.0346122; 14.5375380; -2.5952788
5.7435447; 95.8756424; 48.6339034; 51.1181116; 0.4833253; 0.0460592; 14.1764715; -2.5843413
5.8862982; 97.8730516; 47.6470789; 52.7947046; 0.5865633; 0.0644419; 13.8075475; -2.3177036
6.0327592; 99.8704609; 46.4351646; 54.3730139; 0.7210811; 0.0571936; 13.4680943; -0.8184874
6.1817404; 101.8678701; 45.0565295; 55.7864963; 0.8210615; 0.0435012; 13.3461551; 0.2365718
6.3312042; 103.8652793; 43.5532564; 57.0727586; 0.9073858; 0.0478455; 13.3815140; 0.3298568
6.4801969; 105.8626885; 41.9253276; 58.2169496; 1.0124252; 0.0578451; 13.4306603; 0.4630815
6.6285377; 107.8600977; 40.1513521; 59.1820571; 1.1328144; 0.0564296; 13.4993541; 1.2505777
6.7755005; 109.8575070; 38.3035014; 59.9346739; 1.2313219; 0.0445282; 13.6831426; 2.2127618
6.9197930; 111.8549162; 36.3718090; 60.5267888; 1.3103367; 0.0305706; 14.0024274; 2.7890865
7.0604694; 113.8523254; 34.4329918; 60.9923783; 1.3543854; 0.0151795; 14.3947861; 3.0614174
7.1972395; 115.8497346; 32.4676247; 61.3890147; 1.3909553; 0.0212134; 14.8134964; 3.3860579
7.3300604; 117.8471438; 30.5033768; 61.7007143; 1.4361860; 0.0222839; 15.2632356; 3.7166793
7.4589033; 119.8445530; 28.5209215; 61.9263075; 1.4778255; 0.0193266; 15.7421034; 4.4009533
7.5836126; 121.8419623; 26.5291864; 62.0766172; 1.5114669; 0.0143636; 16.2909432; 4.7857033
7.7040892; 123.8393715; 24.5337290; 62.1696432; 1.5354587; 0.0098546; 16.8675086; 5.1705100
7.8204322; 125.8367807; 22.5373851; 62.2233092; 1.5510056; 0.0057868; 17.4690610; 5.4699097
7.9327953; 127.8341899; 20.5400559; 62.2523366; 1.5610004; 0.0042176; 18.0836774; 5.5045725
8.0414522; 129.8315991; 18.5428118; 62.2644627; 1.5680637; 0.0030471; 18.6817868; 5.5342914
8.1467280; 131.8290083; 16.5454353; 62.2643794; 1.5733436; 0.0022414; 19.2644140; 5.4437476
8.2489359; 133.8264176; 14.5479919; 62.2553232; 1.5770646; 0.0014841; 19.8208080; 5.4684423
8.3483460; 135.8238268; 12.5506607; 62.2403209; 1.5793450; 0.0008638; 20.3644264; 5.4913101
8.4451654; 137.8212360; 10.5533748; 62.2218551; 1.5805720; 0.0003698; 20.8960918; 5.4107333
8.5395986; 139.8186452; 8.5560335; 62.2018215; 1.5809650; 0.0000237; 21.4070444; 5.4281274
8.6318263; 141.8160544; 6.5587352; 62.1816805; 1.5807041; -0.0002522; 21.9076683; 5.4457915
8.7219899; 143.8134636; 4.5614434; 62.1625373; 1.5799857; -0.0004637; 22.3986803; 5.3739136
8.8102311; 145.8108729; 2.5640996; 62.1451881; 1.5789384; -0.0005850; 22.8728811; 5.3862114
8.8966777; 147.8082821; 0.5667602; 62.1301658; 1.5776689; -0.0006689; 23.3385009; 5.4002532
8.9814310; 149.8056913; -1.4306103; 62.1178075; 1.5762810; -0.0007189; 23.7961899; 5.3355717
9.0645938; 151.8031005; -3.4279807; 62.1082883; 1.5748424; -0.0007216; 24.2399112; 5.3440780
9.1462603; 153.8005097; -5.4253628; 62.1016442; 1.5734087; -0.0007054; 24.6763433; 5.3553783
9.2265059; 155.7979190; -7.4227959; 62.0978123; 1.5720316; -0.0006724; 25.1060885; 5.2963993
9.3054079; 157.7953282; -9.4201643; 62.0966493; 1.5707442; -0.0006166; 25.5239855; 5.3019452
9.3830382; 159.7927374; -11.4175555; 62.0979445; 1.5695731; -0.0005521; 25.9355768; 5.3109992
9.4594546; 161.7901466; -13.4150151; 62.1014416; 1.5685419; -0.0004799; 26.3414241; 5.2564063
9.5347171; 163.7875558; -15.4123554; 62.1068475; 1.5676649; -0.0003982; 26.7370344; 5.2595963
9.6088818; 165.7849650; -17.4097332; 62.1138414; 1.5669530; -0.0003133; 27.1271108; 5.2667174
9.6819943; 167.7823743; -19.4072020; 62.1220854; 1.5664144; -0.0002259; 27.5121741; 5.2154208
9.7541024; 169.7797835; -21.4045089; 62.1312289; 1.5660521; -0.0001369; 27.8882481; 5.2167485
9.8252509; 171.7771927; -23.4018736; 62.1409189; 1.5658671; -0.0000489; 28.2594116; 5.2221664
9.8954764; 173.7746019; -25.3993568; 62.1508047; 1.5658564; 0.0000379; 28.6261410; 5.1732967
9.9648176; 175.7720111; -27.3966378; 62.1605421; 1.5660124; 0.0001183; 28.9848638; 5.1732390
10.0333111; 177.7694203; -29.3940093; 62.1698095; 1.5663248; 0.0001910; 29.3391970; 5.1771984
10.1009869; 179.7668296; -31.3915166; 62.1783164; 1.5667723; 0.0002545; 29.6895680; 5.1304763
10.1678768; 181.7642388; -33.3887579; 62.1858384; 1.5672919; 0.0002658; 30.0327450; 5.1296755
10.2340110; 183.7616480; -35.3860977; 62.1922945; 1.5678499; 0.0003063; 30.3719919; 5.0375378
10.2994210; 185.7590572; -37.3837142; 62.1975262; 1.5685263; 0.0003689; 30.7014974; 2.8831126
10.3642825; 187.7564664; -39.3810110; 62.2013133; 1.5692797; 0.0003857; 30.8885003; 0.8461600
10.4288905; 189.7538756; -41.3785292; 62.2035655; 1.5700576; 0.0003851; 30.9431690; -1.0548748
10.4935125; 191.7512849; -43.3759671; 62.2042828; 1.5708116; 0.0003689; 30.8750008; -5.2050333
10.5585626; 193.7486941; -45.3734794; 62.2035444; 1.5715064; 0.0003267; 30.5364129; -7.2090233
10.6244864; 195.7461033; -47.3710062; 62.2015054; 1.5721081; 0.0002681; 30.0611672; -8.9440088
10.6916013; 197.7435125; -49.3682100; 62.1983993; 1.5725707; 0.0001950; 29.4608907; -11.0420975
10.7602840; 199.7409217; -51.3659421; 62.1945155; 1.5728852; 0.0001199; 28.7024896; -10.9617760
10.8308243; 201.7383310; -53.3634588; 62.1901511; 1.5730573; 0.0000594; 27.9292428; -10.8544579
10.9033636; 203.7357402; -55.3604410; 62.1855490; 1.5731287; 0.0000132; 27.1418683; -10.9213516
10.9780781; 205.7331494; -57.3584116; 62.1808664; 1.5731493; 0.0000074; 26.3258846; -10.8182532
11.0551717; 207.7305586; -59.3558508; 62.1761598; 1.5731465; -0.0000207; 25.4918662; -10.6848100
11.1348572; 209.7279678; -61.3526852; 62.1715402; 1.5730576; -0.0000514; 24.6404417; -10.7734072
11.2174093; 211.7253770; -63.3509232; 62.1668164; 1.5734177; 0.0004127; 23.7510749; -10.6667876
11.3031580; 213.7227863; -65.3489961; 62.1605121; 1.5745197; 0.0005297; 22.8364113; -10.5157202
11.3924601; 215.7201955; -67.3450324; 62.1521443; 1.5753979; 0.0003605; 21.8973351; -10.6141491
11.4857881; 217.7176047; -69.3432344; 62.1422181; 1.5761355; 0.0003775; 20.9067379; -10.2112929
11.5836668; 219.7150139; -71.3388321; 62.1304908; 1.5777117; 0.0017930; 19.9072707; -9.6884017
11.6865796; 221.7124231; -73.3362219; 62.1114902; 1.5837361; 0.0045340; 18.9102094; -8.4710310
11.7948302; 223.7098323; -75.3318324; 62.0728128; 1.5985141; 0.0102448; 17.9932151; -7.1132326
11.9083882; 225.7072416; -77.3216519; 61.9940249; 1.6234958; 0.0141704; 17.1854508; -6.0357550
12.0270893; 227.7046508; -79.3182129; 61.8587191; 1.6541813; 0.0168252; 16.4690003; -4.3155386
12.1503633; 229.7020600; -81.2952598; 61.6558722; 1.6939204; 0.0229289; 15.9370066; -3.5877104
12.2775146; 231.6994692; -83.2764472; 61.3607222; 1.7454353; 0.0289355; 15.4808245; -3.0194460
12.4082050; 233.6968784; -85.2385236; 60.9502353; 1.8114145; 0.0372904; 15.0862119; -2.6797275
12.5421993; 235.6942876; -87.1753170; 60.3950685; 1.8892873; 0.0401875; 14.7271438; -2.6279474
12.6795092; 237.6916969; -89.0549167; 59.6858523; 1.9754969; 0.0440819; 14.3663005; -2.6223922
12.8203540; 239.6891061; -90.8430400; 58.8249759; 2.0642413; 0.0464846; 13.9969500; -2.7504048
12.9651162; 241.6865153; -92.5713404; 57.7834232; 2.1634014; 0.0502745; 13.5987956; -2.4247585
13.1139730; 243.6839245; -94.1457185; 56.6073172; 2.2621070; 0.0514480; 13.2378538; -1.1992387
13.2659047; 245.6813337; -95.6058732; 55.2744403; 2.3563408; 0.0440250; 13.0556513; 0.2742189
13.4186516; 247.6787429; -96.9566020; 53.8018289; 2.4425491; 0.0473734; 13.0975374; 0.4584246
13.5707494; 249.6761522; -98.1590475; 52.2012813; 2.5576080; 0.0640899; 13.1672628; 0.2886993
13.7221931; 251.6735614; -99.1340079; 50.5010426; 2.6841792; 0.0640251; 13.2109845; 1.0544706
13.8724847; 253.6709706; -99.9087891; 48.6431781; 2.8035537; 0.0492950; 13.3694626; 1.7960178
14.0204157; 255.6683798; -100.4936048; 46.7101273; 2.8876532; 0.0360186; 13.6351493; 3.0502212
14.1645807; 257.6657890; -100.9368390; 44.7483669; 2.9462926; 0.0219583; 14.0748846; 3.3092060
14.3042021; 259.6631983; -101.2899624; 42.7843128; 2.9781888; 0.0145836; 14.5369203; 3.5751331
14.4393583; 261.6606075; -101.5817218; 40.8138169; 3.0128582; 0.0201493; 15.0201218; 4.0408932
14.5700432; 263.6580167; -101.7984602; 38.8282053; 3.0515234; 0.0170228; 15.5482055; 4.4084762
14.6962507; 265.6554259; -101.9474820; 36.8394664; 3.0804901; 0.0124109; 16.1045881; 4.8944612
14.8180246; 267.6528351; -102.0470113; 34.8456668; 3.1017488; 0.0088363; 16.7006060; 5.2733092
14.9354487; 269.6502443; -102.1107939; 32.8506621; 3.1167673; 0.0064353; 17.3198197; 5.4587896
15.0487508; 271.6476536; -102.1489268; 30.8539339; 3.1276356; 0.0047539; 17.9383117; 5.5523423
15.1582442; 273.6450628; -102.1678486; 28.8561249; 3.1363456; 0.0039667; 18.5462564; 5.4830637
15.2642809; 275.6424720; -102.1711883; 26.8592103; -3.1401388; 0.0026738; 19.1276624; 5.5113980
15.3671806; 277.6398812; -102.1638311; 24.8612780; -3.1360658; 0.0015639; 19.6947837; 5.4966525
15.4672027; 279.6372904; -102.1501130; 22.8636762; -3.1336067; 0.0008988; 20.2445704; 5.4304426
15.5645945; 281.6346996; -102.1327420; 20.8667049; -3.1323496; 0.0003802; 20.7734510; 5.4519620
15.6595630; 283.6321089; -102.1138419; 18.8691143; -3.1320604; -0.0000509; 21.2912156; 5.4369668
15.7522792; 285.6295181; -102.0951161; 16.8716138; -3.1324833; -0.0003723; 21.7953105; 5.3795649
15.8429095; 287.6269273; -102.0778291; 14.8744276; -3.1334614; -0.0005934; 22.2828621; 5.3979427
15.9315956; 289.6243365; -102.0629038; 12.8769108; -3.1348397; -0.0007656; 22.7615848; 5.3841070
16.0184568; 291.6217457; -102.0510180; 10.8794648; -3.1364826; -0.0008794; 23.2292547; 5.3361513
16.1036107; 293.6191549; -102.0426130; 8.8820486; -3.1383035; -0.0009355; 23.6836490; 5.3526956
16.1871590; 295.6165642; -102.0379387; 6.8845536; -3.1402122; -0.0009635; 24.1308574; 5.3402247
16.2691885; 297.6139734; -102.0370992; 4.8871662; 3.1410547; -0.0009575; 24.5689134; 5.3009125
16.3497860; 299.6113826; -102.0400630; 2.8895857; 3.1391785; -0.0009154; 24.9961535; 5.3162052
16.4290269; 301.6087918; -102.0466767; 0.8921451; 3.1374089; -0.0008363; 25.4174145; 5.3053215
16.5069770; 303.6062010; -102.0566095; -1.1051422; 3.1358760; -0.0006987; 25.8309651; 2.5446990
16.5840109; 305.6036103; -102.0693779; -3.1029067; 3.1345373; -0.0006569; 26.0269931; 0.3361445
16.6607167; 307.6010195; -102.0847624; -5.1000771; 3.1332538; -0.0006185; 26.0527773; -2.9275038
16.7377176; 309.5984287; -102.1026050; -7.0972206; 3.1320865; -0.0005503; 25.8273568; -7.0222079
16.8158852; 311.5958379; -102.1226341; -9.0947471; 3.1310784; -0.0004546; 25.2784476; -8.7414663
16.8960116; 313.5932471; -102.1444710; -11.0918569; 3.1302775; -0.0003361; 24.5780256; -10.5412801
16.9787476; 315.5906563; -102.1676396; -13.0890079; 3.1297577; -0.0001844; 23.7058820; -10.6289768
17.0646602; 317.5880656; -102.1915812; -15.0863883; 3.1294797; -0.0001048; 22.7927183; -10.4508321
17.1541290; 319.5854748; -102.2159146; -17.0834953; 3.1294352; 0.0002387; 21.8576950; -10.2898682
17.2475665; 321.5828840; -102.2391582; -19.0807122; 3.1307569; 0.0010847; 20.8962360; -9.6854080
17.3453703; 323.5802932; -102.2571018; -21.0780817; 3.1354650; 0.0039017; 19.9489657; -8.8740926
17.4478313; 325.5777024; -102.2594132; -23.0749847; -3.1365450; 0.0077249; 19.0397175; -7.9045129
17.5551286; 327.5751116; -102.2306181; -25.0722808; -3.1161654; 0.0126570; 18.1915846; -6.4143055
17.6671391; 329.5725209; -102.1509592; -27.0668594; -3.0852278; 0.0184531; 17.4731154; -5.5315260
17.7835992; 331.5699301; -101.9981638; -29.0560907; -3.0431132; 0.0227807; 16.8289132; -4.5724672
17.9042664; 333.5673393; -101.7555106; -31.0400333; -2.9962818; 0.0239262; 16.2771664; -3.6567588
18.0287185; 335.5647485; -101.4190715; -32.9993380; -2.9455228; 0.0274392; 15.8220750; -3.2910314
18.1566629; 337.5621577; -100.9721663; -34.9542706; -2.8869882; 0.0311781; 15.4010059; -2.8983096
18.2879789; 339.5595669; -100.4047140; -36.8720375; -2.8186945; 0.0375974; 15.0204116; -2.7229977
18.4226013; 341.5569762; -99.6923388; -38.7520417; -2.7399135; 0.0390628; 14.6538351; -2.6205284
18.5606106; 343.5543854; -98.8394327; -40.5598373; -2.6614333; 0.0392415; 14.2921778; -2.5575002
18.7021586; 345.5517946; -97.8411794; -42.3041492; -2.5812102; 0.0421970; 13.9301686; -2.4599051
18.8474087; 347.5492038; -96.6821946; -43.9779960; -2.4898145; 0.0458772; 13.5728672; -1.7438069
18.9959888; 349.5466130; -95.4300808; -45.4659708; -2.3853428; 0.0710066; 13.3137723; -0.3337964
19.1462978; 351.5440223; -94.0281157; -46.7640812; -2.2523690; 0.0674909; 13.2635996; 0.3952229
19.2965547; 353.5414315; -92.3830785; -47.9340632; -2.1320066; 0.0496613; 13.3229846; 0.2562212
19.4462613; 355.5388407; -90.6192648; -48.9296005; -2.0384367; 0.0459339; 13.3613426; 1.2301399
19.5947381; 357.5362499; -88.7887631; -49.7523184; -1.9500225; 0.0411251; 13.5439899; 1.8064306
19.7407912; 359.5336591; -86.8932155; -50.4206056; -1.8705867; 0.0368697; 13.8078247; 2.9934496
19.8832492; 361.5310683; -84.9643951; -50.9462332; -1.8062022; 0.0275868; 14.2342654; 3.2277114
20.0214090; 363.5284776; -83.0047060; -51.3644978; -1.7576895; 0.0219457; 14.6802055; 3.4190579
20.1553803; 365.5258868; -81.0450813; -51.6938058; -1.7182316; 0.0184702; 15.1382611; 3.6530694
20.2852885; 367.5232960; -79.0620288; -51.9495575; -1.6792394; 0.0203936; 15.6128248; 3.6791676
20.4113500; 369.5207052; -77.0755733; -52.1244419; -1.6379350; 0.0206392; 16.0766260; 3.2432790
20.5340738; 371.5181144; -75.0828402; -52.2175193; -1.5970658; 0.0207487; 16.4746537; 0.7634061
20.6549765; 373.5155236; -73.0867550; -52.2269554; -1.5532056; 0.0230768; 16.5669515; -2.7385871
20.7767684; 375.5129329; -71.0953640; -52.1441862; -1.5039200; 0.0269962; 16.2334138; -4.0364535
20.9017536; 377.5103421; -69.1078059; -51.9541045; -1.4457090; 0.0302153; 15.7289169; -3.3412427
21.0305039; 379.5077513; -67.1392826; -51.6479002; -1.3882746; 0.0271646; 15.2987309; -3.0541972
21.1628117; 381.5051605; -65.1895709; -51.2335770; -1.3331395; 0.0305810; 14.8946368; -2.8836479
21.2987018; 383.5025697; -63.2496009; -50.6946227; -1.2639078; 0.0378427; 14.5027775; -2.8094526
21.4383158; 385.4999789; -61.3588146; -50.0126425; -1.1835247; 0.0433636; 14.1105387; -2.7905442
21.5819090; 387.4973882; -59.5310398; -49.1645601; -1.0869286; 0.0497620; 13.7098353; -2.7709469
21.7298114; 389.4947974; -57.8393464; -48.1663122; -0.9879671; 0.0513131; 13.3000058; -2.7988996
21.8824438; 391.4922066; -56.1977181; -46.9599580; -0.8871761; 0.0484240; 12.8728031; -2.9321845
22.0404523; 393.4896158; -54.7229927; -45.6258094; -0.7763796; 0.0670069; 12.4094929; -1.5804183
22.2030949; 395.4870250; -53.4717798; -44.1637191; -0.6344091; 0.0788401; 12.1524496; 0.0495364
22.3674026; 397.4844342; -52.4165265; -42.4969444; -0.5020816; 0.0581815; 12.1605888; 0.6888726
22.5308981; 399.4818435; -51.5383867; -40.6496106; -0.3859569; 0.0546092; 12.2732164; 0.6390900
22.6929597; 401.4792527; -50.8831807; -38.7634786; -0.2845249; 0.0490772; 12.3767883; 0.5683424
22.8537496; 403.4766619; -50.4161667; -36.8068600; -0.1828213; 0.0526279; 12.4681720; 0.8967377
23.0130378; 405.4740711; -50.1604351; -34.8288767; -0.0730016; 0.0542444; 12.6110118; 2.8277792
23.1687070; 407.4714803; -50.1096669; -32.8320226; 0.0154670; 0.0341702; 13.0512100; 4.2957354
23.3180791; 409.4688896; -50.1954012; -30.8372266; 0.0640071; 0.0147152; 13.6928728; 5.2782275
23.4600657; 411.4662988; -50.3395876; -28.8462549; 0.0745233; -0.0018624; 14.4423103; 5.5922447
23.5948510; 413.4637080; -50.4836302; -26.8537375; 0.0693108; -0.0033594; 15.1960629; 4.6869806
23.7237320; 415.4611172; -50.6128912; -24.8601176; 0.0578815; -0.0097443; 15.8001255; 3.1754057
23.8485829; 417.4585264; -50.7030709; -22.8655845; 0.0295450; -0.0184355; 16.1965779; -2.0159495
23.9728671; 419.4559356; -50.7203372; -20.8684415; -0.0147433; -0.0259083; 15.9460272; -3.1868200
24.0997361; 421.4533449; -50.6366898; -18.8802864; -0.0695017; -0.0269963; 15.5417185; -3.5323361
24.2301892; 423.4507541; -50.4459664; -16.8904178; -0.1207642; -0.0251888; 15.0809142; -2.8698652
24.3643479; 425.4481633; -50.1536242; -14.9185112; -0.1748947; -0.0290883; 14.6958968; -2.6940240
24.5020008; 427.4455725; -49.7410279; -12.9420887; -0.2388291; -0.0354888; 14.3250566; -2.5765682
24.6432292; 429.4429817; -49.1934432; -11.0267789; -0.3233264; -0.0502291; 13.9611720; -2.6151542
24.7882683; 431.4403909; -48.4524474; -9.1488345; -0.4303107; -0.0561730; 13.5818724; -2.6343902
24.9374923; 433.4378002; -47.5149484; -7.3828366; -0.5452847; -0.0552117; 13.1887584; -2.0788978
25.0907923; 435.4352094; -46.3984148; -5.7384572; -0.6444271; -0.0463688; 12.8700632; -0.7994048
25.2467457; 437.4326186; -45.1465962; -4.2193703; -0.7353795; -0.0560809; 12.7453933; 0.4637024
25.4030177; 439.4300278; -43.7257492; -2.8458301; -0.8741647; -0.0727432; 12.8178570; 0.2763993
25.5585869; 441.4274370; -42.1177497; -1.6842784; -1.0141864; -0.0666521; 12.8608562; 1.1574738
25.7128256; 443.4248462; -40.3699188; -0.7349411; -1.1238640; -0.0442472; 13.0393834; 1.6372886
25.8645629; 445.4222555; -38.4924494; 0.0699712; -1.2053065; -0.0362330; 13.2878211; 2.4624918
26.0128443; 447.4196647; -36.6010422; 0.7220131; -1.2697562; -0.0285138; 13.6529630; 2.5295108
26.1572122; 449.4170739; -34.6708491; 1.2639033; -1.3247610; -0.0287366; 14.0181431; 2.6195759
26.2978515; 451.4144831; -32.7324613; 1.6898209; -1.3853893; -0.0316793; 14.3865585; 2.9435930
26.4347722; 453.4118923; -30.7552335; 1.9992378; -1.4441161; -0.0268154; 14.7895972; 3.2969000
26.5678532; 455.4093016; -28.7718210; 2.2014471; -1.4930143; -0.0229024; 15.2283519; 3.6388377
26.6970236; 457.4067108; -26.7802037; 2.3129928; -1.5356181; -0.0196734; 15.6983820; 4.1811647
26.8221744; 459.4041200; -24.7833680; 2.3467307; -1.5708270; -0.0155906; 16.2216581; 4.4917841
26.9432761; 461.4015292; -22.7865416; 2.3181167; -1.5983242; -0.0122392; 16.7656212; 4.7793266
27.0604562; 463.3989384; -20.7903204; 2.2406234; -1.6199217; -0.0094514; 17.3256629; 5.0412729
27.1738710; 465.3963476; -18.7968317; 2.1250470; -1.6368477; -0.0075056; 17.8974178; 5.1946495
27.2837229; 467.3937569; -16.8048231; 1.9794681; -1.6501527; -0.0059870; 18.4680602; 5.3403914
27.3902374; 469.3911661; -14.8139682; 1.8099767; -1.6608977; -0.0048155; 19.0368889; 5.3933372
27.4936457; 471.3885753; -12.8259816; 1.6211517; -1.6698828; -0.0041846; 19.5946050; 5.4311235
27.5941816; 473.3859845; -10.8392381; 1.4156196; -1.6777605; -0.0038089; 20.1406280; 5.4759790
27.6920526; 475.3833937; -8.8534909; 1.1948849; -1.6851786; -0.0036217; 20.6765674; 5.3981638
27.7874667; 477.3808029; -6.8704126; 0.9598723; -1.6922922; -0.0035030; 21.1916286; 5.4101050
27.8806139; 479.3782122; -4.8885756; 0.7109775; -1.6990570; -0.0031804; 21.6955643; 5.4311168
27.9716420; 481.3756214; -2.9078355; 0.4494468; -1.7049298; -0.0026786; 22.1899490; 5.3635113
28.0606977; 483.3730306; -0.9292755; 0.1776974; -1.7093346; -0.0017338; 22.6676000; 5.3792901
28.1479125; 485.3704398; 1.0488686; -0.1009580; -1.7117983; -0.0006791; 23.1367538; 5.3693756
28.2333952; 487.3678490; 3.0264416; -0.3822553; -1.7120016; 0.0004767; 23.5957423; 3.1111991
28.3175792; 489.3652582; 5.0045596; -0.6616509; -1.7098065; 0.0017219; 23.8576556; 0.8256408
28.4011802; 491.3626675; 6.9835844; -0.9342370; -1.7051324; 0.0029429; 23.9266800; -1.5082205
28.4848815; 493.3600767; 8.9632615; -1.1950677; -1.6980599; 0.0041436; 23.8004401; -6.0759586
28.5697235; 495.3574859; 10.9465413; -1.4397944; -1.6887338; 0.0051901; 23.2849436; -7.1890061
28.6566716; 497.3548951; 12.9313928; -1.6638522; -1.6773465; 0.0061747; 22.6598726; -8.2555918
28.7462818; 499.3523043; 14.9178844; -1.8633322; -1.6641069; 0.0070905; 21.9200875; -8.2764099
28.8390281; 501.3497136; 16.9088495; -2.0348284; -1.6490353; 0.0079940; 21.1524816; -8.0609208
28.9352202; 503.3471228; 18.9012248; -2.1743873; -1.6320240; 0.0092002; 20.3770843; -7.8368512
29.0351633; 505.3445320; 20.8951159; -2.2772137; -1.6120991; 0.0107619; 19.5938451; -7.2856063
29.1391129; 507.3419412; 22.8919133; -2.3364434; -1.5878678; 0.0135285; 18.8365096; -6.6432865
29.2472128; 509.3393504; 24.8888024; -2.3416262; -1.5577944; 0.0169168; 18.1183711; -6.0167640
29.3595504; 511.3367596; 26.8851538; -2.2792013; -1.5199163; 0.0210109; 17.4424623; -4.8438830
29.4759457; 513.3341689; 28.8738055; -2.1343483; -1.4754483; 0.0234514; 16.8786568; -4.2460132
29.5961010; 515.3315781; 30.8521482; -1.8968794; -1.4261094; 0.0268173; 16.3684759; -3.6805911
29.7198505; 517.3289873; 32.8263187; -1.5517697; -1.3679564; 0.0310009; 15.9130045; -3.0765897
29.8469323; 519.3263965; 34.7590231; -1.0908117; -1.3049514; 0.0323597; 15.5220261; -2.8923337
29.9771954; 521.3238057; 36.6738754; -0.5013163; -1.2393952; 0.0320041; 15.1452615; -2.6876794
30.1106594; 523.3212149; 38.5438009; 0.2081308; -1.1776079; 0.0300405; 14.7865532; -2.5960153
30.2473832; 525.3186242; 40.4027376; 1.0477075; -1.1140959; 0.0342897; 14.4316162; -2.5804542
30.3875446; 527.3160334; 42.1641807; 2.0010668; -1.0293335; 0.0499405; 14.0699360; -2.6962842
30.5314930; 529.3134426; 43.7929528; 3.0995693; -0.9221440; 0.0604775; 13.6818103; -1.3589370
30.6785572; 531.3108518; 45.2900852; 4.3999516; -0.7897650; 0.0560511; 13.4819593; 0.0909254
30.8266375; 533.3082610; 46.6109441; 5.8461689; -0.6919656; 0.0470373; 13.4954236; 0.3890163
30.9743295; 535.3056702; 47.8045801; 7.4275513; -0.6002578; 0.0485490; 13.5528782; 0.3635063
31.1214183; 537.3030795; 48.8597518; 9.1525172; -0.4962260; 0.0525177; 13.6063459; 0.2622162
31.2680111; 539.3004887; 49.7229338; 10.9721017; -0.3889795; 0.0545293; 13.6447849; 1.2730930
31.4134111; 541.2978979; 50.3888567; 12.8628462; -0.2942658; 0.0387878; 13.8298926; 1.9158899
31.5564214; 543.2953071; 50.9045158; 14.8049317; -0.2284732; 0.0278145; 14.1038847; 3.2217310
31.6958231; 545.2927163; 51.3083853; 16.7590480; -0.1824600; 0.0178409; 14.5529995; 3.5538687
31.8308477; 547.2901255; 51.6381275; 18.7247843; -0.1490948; 0.0187654; 15.0328591; 3.8447133
31.9615333; 549.2875348; 51.8939926; 20.6969974; -0.1080152; 0.0208492; 15.5353077; 4.2544667
32.0879183; 551.2849440; 52.0706742; 22.6863470; -0.0705290; 0.0167013; 16.0730087; 4.6902852
32.2100143; 553.2823532; 52.1811291; 24.6801457; -0.0417524; 0.0120071; 16.6456735; 4.9956852
32.3279237; 555.2797624; 52.2437033; 26.6801414; -0.0222449; 0.0078120; 17.2347121; 5.3104937
32.4418197; 557.2771716; 52.2745108; 28.6779050; -0.0095651; 0.0048951; 17.8395560; 4.0074981
32.5524112; 559.2745809; 52.2849146; 30.6782073; -0.0009116; 0.0043765; 18.2827510; 2.1726060
32.6609621; 561.2719901; 52.2777675; 32.6728546; 0.0083998; 0.0057574; 18.5185894; -2.2191291
32.7695280; 563.2693993; 52.2463896; 34.6694455; 0.0245912; 0.0104464; 18.2776676; -5.5600608
32.8806888; 565.2668085; 52.1730505; 36.6625178; 0.0509691; 0.0162896; 17.6596065; -6.0391336
32.9960713; 567.2642177; 52.0349902; 38.6537425; 0.0894189; 0.0221023; 16.9627963; -4.8215869
33.1158631; 569.2616269; 51.8093658; 40.6380045; 0.1386868; 0.0270967; 16.3852096; -3.8684872
33.2395729; 571.2590362; 51.4794140; 42.5992841; 0.1952604; 0.0291667; 15.9066398; -3.3954838
33.3668733; 573.2564454; 51.0335396; 44.5501038; 0.2541580; 0.0288713; 15.4743933; -2.8897367
33.4975460; 575.2538546; 50.4791841; 46.4650528; 0.3082887; 0.0254888; 15.0967836; -2.7016298
33.6314575; 577.2512638; 49.8152164; 48.3790486; 0.3610106; 0.0295088; 14.7350044; -2.5737995
33.7686569; 579.2486730; 49.0521840; 50.2106407; 0.4340529; 0.0461768; 14.3818807; -2.6355240
33.9093544; 581.2460822; 48.0990269; 52.0263317; 0.5357456; 0.0551473; 14.0110690; -2.6195332
34.0538660; 583.2434915; 46.9882256; 53.6617514; 0.6620751; 0.0666936; 13.6325161; -1.8451644
34.2018664; 585.2409007; 45.7098318; 55.1244563; 0.7670800; 0.0464921; 13.3594310; -0.4846217
34.3517871; 587.2383099; 44.2713984; 56.4931387; 0.8523726; 0.0459273; 13.2867762; 0.4164519
34.5017652; 589.2357191; 42.6947043; 57.7354269; 0.9585354; 0.0581397; 13.3492349; 0.2666298
34.6511695; 591.2331283; 41.0085854; 58.7749472; 1.0793475; 0.0619777; 13.3890705; 0.9885434
34.7995390; 593.2305375; 39.1976381; 59.6123633; 1.1900273; 0.0468493; 13.5357401; 1.5071777
34.9459117; 595.2279468; 37.2804646; 60.2828235; 1.2761010; 0.0375168; 13.7563499; 2.7188068
35.0890851; 597.2253560; 35.3456152; 60.8028665; 1.3350488; 0.0215971; 14.1456107; 2.9292966
35.2282824; 599.2227652; 33.3907715; 61.2353340; 1.3706952; 0.0193946; 14.5533608; 3.1352363
35.3635585; 601.2201744; 31.4385895; 61.5879136; 1.4155976; 0.0251641; 14.9774834; 3.6679105
35.4948099; 603.2175836; 29.4568694; 61.8497689; 1.4618767; 0.0210569; 15.4589018; 4.1088578
35.6218720; 605.2149929; 27.4691484; 62.0279303; 1.4993675; 0.0163699; 15.9809820; 4.5409509
35.7447147; 607.2124021; 25.4756101; 62.1411858; 1.5270554; 0.0114125; 16.5388047; 5.1082162
35.8633136; 609.2098113; 23.4793749; 62.2083393; 1.5459984; 0.0075557; 17.1446335; 5.3475751
35.9777739; 611.2072205; 21.4824131; 62.2450939; 1.5579474; 0.0049633; 17.7567184; 5.5614314
36.0883468; 613.2046297; 19.4850071; 62.2619260; 1.5662594; 0.0034046; 18.3716618; 5.4681094
36.1953647; 615.2020389; 17.4877551; 62.2647588; 1.5722155; 0.0025603; 18.9568474; 5.4862097
36.2991715; 617.1994482; 15.4903539; 62.2573672; 1.5765138; 0.0017631; 19.5263533; 5.5112560
36.4000289; 619.1968574; 13.4928434; 62.2429356; 1.5792757; 0.0010192; 20.0822046; 5.4311106
36.4981877; 621.1942666; 11.4956350; 62.2243005; 1.5808107; 0.0005181; 20.6153157; 5.4417922
36.5938690; 623.1916758; 9.4983267; 62.2035778; 1.5813969; 0.0001072; 21.1359933; 5.4610678
36.6872453; 625.1890850; 7.5009116; 62.1824178; 1.5812688; -0.0002266; 21.6459277; 5.3901505
36.7784853; 627.1864942; 5.5036798; 62.1620934; 1.5806053; -0.0004378; 22.1377248; 5.3969526
36.8677407; 629.1839035; 3.5063503; 62.1435030; 1.5795507; -0.0005952; 22.6194320; 5.4125173
36.9551319; 631.1813127; 1.5089308; 62.1272819; 1.5782450; -0.0007075; 23.0924388; 5.3491348
37.0407786; 633.1787219; -0.4883901; 62.1138478; 1.5767833; -0.0007560; 23.5505743; 5.3538317
37.1247900; 635.1761311; -2.4857818; 62.1034237; 1.5752405; -0.0007769; 24.0003570; 5.3668010
37.2072538; 637.1735403; -4.4832186; 62.0960966; 1.5736888; -0.0007746; 24.4429240; 5.3094979
37.2882584; 639.1709495; -6.4806079; 62.0918420; 1.5721751; -0.0007410; 24.8730178; 5.3129286
37.3678855; 641.1683588; -8.4780318; 62.0905412; 1.5707358; -0.0006945; 25.2960708; 5.3239045
37.4462013; 643.1657680; -10.4754482; 62.0920100; 1.5694049; -0.0006371; 25.7130167; 5.2714982
37.5232733; 645.1631772; -12.4728668; 62.0960127; 1.5682036; -0.0005658; 26.1193015; 5.2740375
37.5991643; 647.1605864; -14.4702879; 62.1022717; 1.5671477; -0.0004892; 26.5195537; 5.2833752
37.6739259; 649.1579956; -16.4676528; 62.1104816; 1.5662512; -0.0004082; 26.9145473; 5.2350025
37.7476109; 651.1554049; -18.4650822; 62.1203177; 1.5655214; -0.0003225; 27.3002883; 5.2367899
37.8202690; 653.1528141; -20.4624887; 62.1314402; 1.5649632; -0.0002360; 27.6807833; 5.2447313
37.8919410; 655.1502233; -22.4597968; 62.1435037; 1.5645789; -0.0001490; 28.0566839; 5.1998184
37.9626694; 657.1476325; -24.4572429; 62.1561634; 1.5643665; -0.0000636; 28.4244586; 5.2008681
38.0324941; 659.1450417; -26.4546447; 62.1690773; 1.5643228; 0.0000185; 28.7876079; 5.2076062
38.1014484; 661.1424509; -28.4519098; 62.1819170; 1.5644392; 0.0000976; 29.1466947; 5.1658277
38.1695667; 663.1398602; -30.4493886; 62.1943732; 1.5647055; 0.0001691; 29.4985822; 5.1660697
38.2368820; 665.1372694; -32.4468079; 62.2061556; 1.5651112; 0.0002343; 29.8463375; 5.1717514
38.3034215; 667.1346786; -34.4440390; 62.2170027; 1.5656393; 0.0002922; 30.1904632; 5.1327538
38.3692138; 669.1320878; -36.4415230; 62.2267045; 1.5662476; 0.0003168; 30.5281590; 3.8211703
38.4343765; 671.1294970; -38.4388519; 62.2351433; 1.5669009; 0.0003345; 30.7771567; 2.5319165
38.4991032; 673.1269062; -40.4361770; 62.2422482; 1.5675814; 0.0003454; 30.9410394; -1.0357392
38.5637285; 675.1243155; -42.4335472; 62.2479870; 1.5682616; 0.0003357; 30.8741045; -3.5428905
38.6286657; 677.1217247; -44.4308594; 62.2523899; 1.5689137; 0.0003111; 30.6440390; -5.6385375
38.6942423; 679.1191339; -46.4283470; 62.2555534; 1.5694994; 0.0002732; 30.2742827; -9.0669372
38.7608845; 681.1165431; -48.4256035; 62.2576420; 1.5699801; 0.0002081; 29.6700425; -10.2044367
38.8290032; 683.1139523; -50.4228849; 62.2589010; 1.5703293; 0.0001406; 28.9749297; -10.9122709
38.8988578; 685.1113615; -52.4205292; 62.2595996; 1.5705411; 0.0000742; 28.2126569; -10.9478882
38.9706563; 687.1087708; -54.4176779; 62.2599849; 1.5706539; 0.0000388; 27.4266145; -10.8465906
39.0445639; 689.1061800; -56.4148922; 62.2602135; 1.5707011; 0.0000121; 26.6249700; -10.7008749
39.1207504; 691.1035892; -58.4127253; 62.2603932; 1.5707049; -0.0000070; 25.8097069; -10.7205506
39.1994258; 693.1009984; -60.4098274; 62.2605920; 1.5706874; -0.0000105; 24.9662636; -10.6160488
39.2808393; 695.0984076; -62.4067761; 62.2608799; 1.5705399; -0.0002280; 24.1019736; -10.4549150
39.3652583; 697.0958169; -64.4048992; 62.2620958; 1.5697141; -0.0005678; 23.2193808; -10.5144400
39.4530257; 699.0932261; -66.4019325; 62.2653239; 1.5686780; -0.0004707; 22.2965550; -10.4147446
39.5445666; 701.0906353; -68.4012375; 62.2703108; 1.5681721; 0.0002373; 21.3431805; -10.2144061
39.6403472; 703.0880445; -70.3979690; 62.2742757; 1.5698603; 0.0016036; 20.3648387; -9.8490121
39.7408720; 705.0854537; -72.4010925; 62.2698166; 1.5777745; 0.0063743; 19.3747681; -8.9877597
39.8465560; 707.0828629; -74.4007690; 62.2397471; 1.5954919; 0.0111911; 18.4249063; -8.1078232
39.9576811; 709.0802722; -76.3875868; 62.1654908; 1.6223552; 0.0156947; 17.5239234; -6.3717829
40.0741282; 711.0776814; -78.3757220; 62.0302749; 1.6555838; 0.0172907; 16.7819479; -4.9606642
40.1953203; 713.0750906; -80.3417868; 61.8286507; 1.6911061; 0.0191677; 16.1807547; -4.0251490
40.3207197; 715.0724998; -82.3364506; 61.5473046; 1.7312021; 0.0213763; 15.6760034; -2.9712778
40.4497149; 717.0699090; -84.2910083; 61.1821565; 1.7828253; 0.0306277; 15.2927227; -2.7484941
40.5818967; 719.0673182; -86.2505775; 60.6902042; 1.8526141; 0.0365038; 14.9294217; -2.5493803
40.7172511; 721.0647275; -88.1445897; 60.0630956; 1.9304431; 0.0425162; 14.5843519; -2.5739185
40.8559032; 723.0621367; -90.0227957; 59.2603753; 2.0190708; 0.0440945; 14.2274728; -2.6156036
40.9981542; 725.0595459; -91.7807301; 58.3121920; 2.1145090; 0.0512021; 13.8554004; -2.6777663
41.1443815; 727.0569551; -93.3966677; 57.2198028; 2.2161779; 0.0528467; 13.4638379; -1.6536161
41.2941119; 729.0543643; -94.9182627; 55.9340382; 2.3276042; 0.0496663; 13.2162414; 0.3719660
41.4449248; 731.0517735; -96.2900280; 54.5121219; 2.4192706; 0.0440899; 13.2723386; 0.4456757
41.5950406; 733.0491828; -97.5340351; 52.9668400; 2.5112399; 0.0511701; 13.3392416; 0.3515538
41.7444856; 735.0465920; -98.6230306; 51.2918960; 2.6211526; 0.0577226; 13.3917795; 0.3021246
41.8933874; 737.0440012; -99.5243632; 49.4769912; 2.7407961; 0.0590290; 13.4367664; 1.7229365
42.0406495; 739.0414104; -100.2021097; 47.6141983; 2.8390167; 0.0422644; 13.6904898; 2.3431842
42.1847696; 741.0388196; -100.7279494; 45.6625966; 2.9138885; 0.0302376; 14.0281897; 3.1366416
42.3249579; 743.0362288; -101.1292234; 43.7098503; 2.9588573; 0.0148508; 14.4679100; 3.4388679
42.4608220; 745.0336381; -101.4656591; 41.7319525; 2.9888388; 0.0174716; 14.9351288; 3.7256853
42.5924016; 747.0310473; -101.7308295; 39.7620460; 3.0275776; 0.0194094; 15.4253528; 4.1350615
42.7197177; 749.0284565; -101.9222103; 37.7758974; 3.0620389; 0.0150625; 15.9518127; 4.6906480
42.8427088; 751.0258657; -102.0535888; 35.7830774; 3.0882530; 0.0112651; 16.5287209; 5.0332892
42.9614083; 753.0232749; -102.1400620; 33.7900427; 3.1070768; 0.0079534; 17.1261698; 5.3859014
43.0759736; 755.0206842; -102.1947241; 31.7928691; 3.1205880; 0.0055681; 17.7432069; 5.4879411
43.1866523; 757.0180934; -102.2263883; 29.7978328; 3.1305705; 0.0045893; 18.3506054; 5.5367869
43.2937684; 759.0155026; -102.2398168; 27.7996423; 3.1388216; 0.0034985; 18.9436843; 5.5252744
43.3976344; 761.0129118; -102.2393562; 25.8009016; -3.1388510; 0.0020261; 19.5175727; 5.4337715
43.4985557; 763.0103210; -102.2304475; 23.8043262; -3.1356588; 0.0012317; 20.0659556; 5.4543891
43.5967864; 765.0077302; -102.2166058; 21.8065590; -3.1338832; 0.0006004; 20.6017443; 5.4425898
43.6925290; 767.0051395; -102.2003332; 19.8086224; -3.1331774; 0.0001071; 21.1228319; 5.3673825
43.7859810; 769.0025487; -102.1835589; 17.8115843; -3.1333181; -0.0002325; 21.6244247; 5.3871941
43.8773103; 770.9999579; -102.1677016; 15.8138629; -3.1340859; -0.0005077; 22.1164330; 5.3761394
43.9666534; 772.9973671; -102.1538539; 13.8163774; -3.1353018; -0.0007099; 22.5967544; 5.3220987
44.0541456; 774.9947763; -102.1427969; 11.8187309; -3.1368517; -0.0008318; 23.0623964; 5.3426788
44.1399027; 776.9921855; -102.1350577; 9.8211364; -3.1386153; -0.0009179; 23.5205688; 5.3341881
44.2240221; 778.9895948; -102.1309699; 7.8239198; -3.1404907; -0.0009605; 23.9692777; 5.2989146
44.3066004; 780.9870040; -102.1306924; 5.8257274; 3.1407708; -0.0009583; 24.4068530; 5.3211166
44.3877211; 782.9844132; -102.1342381; 3.8283606; 3.1388711; -0.0009339; 24.8385058; 5.3182279
44.4674563; 784.9818224; -102.1414999; 1.8313853; 3.1370592; -0.0008808; 25.2625557; 5.1198776
44.5458988; 786.9792316; -102.1522813; -0.1672941; 3.1353580; -0.0008204; 25.6641716; 3.9116986
44.6232713; 788.9766408; -102.1663251; -2.1641463; 3.1337854; -0.0007462; 25.9668294; 1.5896547
44.7000126; 790.9740501; -102.1833341; -4.1607517; 3.1323961; -0.0006448; 26.0888216; -2.7211607
44.7768826; 792.9714593; -102.2029232; -6.1585793; 3.1312162; -0.0005349; 25.8796458; -5.2428628
44.8546763; 794.9688685; -102.2246314; -8.1550947; 3.1302620; -0.0004201; 25.4717841; -8.1499572
44.9341021; 796.9662777; -102.2480191; -10.1520855; 3.1295409; -0.0003018; 24.8244675; -10.5374597
45.0159865; 798.9636869; -102.2726019; -12.1489338; 3.1290683; -0.0001701; 23.9616140; -10.6766539
45.1009536; 800.9610962; -102.2978667; -14.1457006; 3.1288448; -0.0000776; 23.0544497; -10.5593411
45.1893832; 802.9585054; -102.3234680; -16.1435572; 3.1287247; -0.0000426; 22.1206917; -10.5033709
45.2817025; 804.9559146; -102.3487390; -18.1392695; 3.1294336; 0.0008035; 21.1510270; -9.9532603
45.3783352; 806.9533238; -102.3706875; -20.1362319; 3.1323965; 0.0027443; 20.1892168; -9.3671292
45.4796510; 808.9507330; -102.3814532; -22.1353434; 3.1410782; 0.0059246; 19.2401792; -7.9977331
45.5858076; 810.9481422; -102.3675552; -24.1294841; -3.1254982; 0.0107810; 18.3911664; -6.9866700
45.6967526; 812.9455515; -102.3107292; -26.1254286; -3.0990866; 0.0158391; 17.6160303; -5.9581781
45.8124003; 814.9429607; -102.1905266; -28.1221769; -3.0620957; 0.0210851; 16.9269810; -4.5591137
45.9323391; 816.9403699; -101.9890276; -30.1013958; -3.0174201; 0.0235110; 16.3801664; -3.9788070
46.0561413; 818.9377791; -101.6941715; -32.0762352; -2.9687251; 0.0254672; 15.8875814; -3.3022387
46.1835497; 820.9351883; -101.2985487; -34.0364559; -2.9153840; 0.0277925; 15.4668483; -2.9040461
46.3142958; 822.9325975; -100.7925151; -35.9751415; -2.8552402; 0.0332676; 15.0871555; -2.7372095
46.4483166; 824.9300068; -100.1565936; -37.8772827; -2.7796037; 0.0413407; 14.7203127; -2.6462851
46.5857039; 826.9274160; -99.3638843; -39.7317954; -2.6948597; 0.0438870; 14.3567467; -2.6829644
46.7266880; 828.9248252; -98.4019706; -41.5204887; -2.6009342; 0.0459589; 13.9784914; -2.7124277
46.8716175; 830.9222344; -97.3126110; -43.1621020; -2.5101512; 0.0464973; 13.5853806; -2.5840194
47.0207593; 832.9196436; -96.0917062; -44.6944813; -2.4347465; 0.0327926; 13.1999953; -0.8958769
47.1728633; 834.9170528; -94.7310407; -46.1255613; -2.3173267; 0.0657223; 13.0637288; 0.4529010
47.3253575; 836.9144621; -93.1935516; -47.3801106; -2.1959533; 0.0569844; 13.1327936; 0.2826005
47.4772027; 838.9118713; -91.5241164; -48.4560535; -2.0942286; 0.0473061; 13.1757051; 0.6497636
47.6282381; 840.9092805; -89.7099357; -49.3882922; -1.9960759; 0.0478516; 13.2738425; 1.4914854
47.7774641; 842.9066897; -87.8521584; -50.1271757; -1.9033826; 0.0455079; 13.4964109; 2.6397285
47.9233776; 844.9040989; -85.9253774; -50.6992242; -1.8192778; 0.0352620; 13.8815829; 3.2077238
48.0649510; 846.9015082; -83.9827117; -51.1297138; -1.7630498; 0.0220635; 14.3357113; 3.5398448
48.2019643; 848.8989174; -82.0087064; -51.4741722; -1.7268512; 0.0137049; 14.8207171; 3.7347744
48.3345218; 850.8963266; -80.0418193; -51.7598101; -1.7025332; 0.0145807; 15.3157893; 3.8689443
48.4628566; 852.8937358; -78.0638028; -51.9886624; -1.6676704; 0.0195693; 15.8123095; 3.8114830
48.5873097; 854.8911450; -76.0735857; -52.1419776; -1.6271832; 0.0210855; 16.2866606; 1.7903222
48.7091348; 856.8885542; -74.0741210; -52.2110307; -1.5824628; 0.0239676; 16.5047667; -0.1549452
48.8302238; 858.8859635; -72.0752063; -52.1839666; -1.5307793; 0.0276686; 16.4860046; -4.3651622
48.9533900; 860.8833727; -70.0822584; -52.0468761; -1.4724117; 0.0307978; 15.9483641; -3.6840467
49.0804983; 862.8807819; -68.1155482; -51.7915440; -1.4121059; 0.0278947; 15.4800910; -3.2771961
49.2113414; 864.8781911; -66.1495431; -51.4254718; -1.3635085; 0.0228276; 15.0512928; -2.9087212
49.3457950; 866.8756003; -64.2123217; -50.9670103; -1.3109935; 0.0298380; 14.6602047; -2.8210276
49.4838765; 868.8730095; -62.2710052; -50.3828723; -1.2438467; 0.0367318; 14.2706731; -2.7378117
49.6257739; 870.8704188; -60.4193436; -49.6697696; -1.1570990; 0.0534061; 13.8821846; -2.8311635
49.7718322; 872.8678280; -58.6037241; -48.7456715; -1.0405299; 0.0607413; 13.4686698; -2.8123223
49.9225027; 874.8652372; -56.9554939; -47.6364253; -0.9167142; 0.0592952; 13.0449357; -2.8225086
50.0782443; 876.8626464; -55.4508675; -46.3505126; -0.8158991; 0.0466050; 12.6053536; -2.7624762
50.2395527; 878.8600556; -54.0771236; -44.9228423; -0.7123935; 0.0592254; 12.1597429; -0.8247467
50.4047422; 880.8574648; -52.8736595; -43.3360666; -0.5847313; 0.0611769; 12.0235034; 0.6344560
50.5701458; 882.8548741; -51.8904830; -41.6366559; -0.4632206; 0.0626987; 12.1284447; 0.6920323
50.7340672; 884.8522833; -51.1102671; -39.8027384; -0.3435992; 0.0567755; 12.2418836; 0.6361658
50.8965432; 886.8496925; -50.5373871; -37.8577632; -0.2293902; 0.0555707; 12.3452453; 0.5333668
51.0577775; 888.8471017; -50.1902127; -35.8906553; -0.1203083; 0.0545927; 12.4312423; 2.0353862
51.2163943; 890.8445109; -50.0556933; -33.8898345; -0.0187977; 0.0419886; 12.7540889; 3.0224765
51.3702006; 892.8419201; -50.0899708; -31.8911553; 0.0471989; 0.0242062; 13.2189647; 4.9588926
51.5172467; 894.8393294; -50.2207292; -29.8924119; 0.0772099; 0.0054852; 13.9481506; 5.3342777
51.6567289; 896.8367386; -50.3750873; -27.9000348; 0.0748040; -0.0031237; 14.6921876; 5.5792178
51.7893404; 898.8341478; -50.5173607; -25.9160640; 0.0682202; -0.0041381; 15.4320555; 4.3921061
51.9164728; 900.8315570; -50.6390437; -23.9196467; 0.0502832; -0.0138727; 15.9904348; 0.6127220
52.0410881; 902.8289662; -50.7053843; -21.9261138; 0.0132970; -0.0228205; 16.0667893; -2.1866912
52.1664771; 904.8263755; -50.6812000; -19.9331657; -0.0400504; -0.0295618; 15.7926022; -3.7870677
52.2949331; 906.8237847; -50.5437868; -17.9460427; -0.0973892; -0.0276338; 15.3061306; -3.1642255
52.4272398; 908.8211939; -50.2982778; -15.9765155; -0.1501989; -0.0261117; 14.8874823; -2.8113373
52.5631509; 910.8186031; -49.9444707; -13.9899210; -0.2021243; -0.0264101; 14.5053902; -2.5605812
52.7025677; 912.8160123; -49.4825028; -12.0356465; -0.2662785; -0.0389324; 14.1484024; -2.5628092
52.8455961; 914.8134215; -48.8588467; -10.1017118; -0.3619124; -0.0519497; 13.7818479; -2.5683606
52.9925384; 916.8108308; -48.0645209; -8.3066477; -0.4758972; -0.0648074; 13.4044469; -2.6791825
53.1438370; 918.8082400; -47.0380145; -6.5925479; -0.5999842; -0.0547978; 12.9990903; -1.3895778
53.2987778; 920.8056492; -45.8302393; -5.0034761; -0.6967544; -0.0438240; 12.7837881; -0.0091401
53.4550320; 922.8030584; -44.5019329; -3.5558316; -0.7974819; -0.0660127; 12.7823600; 0.3624905
53.6109502; 924.8004676; -43.0193370; -2.2911560; -0.9333363; -0.0716232; 12.8388788; 0.5842484
53.7659784; 926.7978768; -41.3081095; -1.2020582; -1.0702384; -0.0570269; 12.9294538; 1.3642232
53.9192247; 928.7952861; -39.5004994; -0.3283127; -1.1659385; -0.0419779; 13.1385159; 2.1531486
54.0694036; 930.7926953; -37.6095436; 0.3939007; -1.2423750; -0.0321139; 13.4618735; 2.4972015
54.2157913; 932.7901045; -35.7028495; 0.9832029; -1.2966652; -0.0241252; 13.8274330; 2.5672953
54.3583571; 934.7875137; -33.7596645; 1.4752178; -1.3508970; -0.0299360; 14.1934416; 2.7879903
54.4971917; 936.7849229; -31.8031010; 1.8491535; -1.4128899; -0.0298389; 14.5805109; 3.0082989
54.6323002; 938.7823321; -29.8292252; 2.1068784; -1.4673412; -0.0248288; 14.9869579; 3.5583040
54.7635323; 940.7797414; -27.8369902; 2.2659754; -1.5137669; -0.0215141; 15.4539213; 3.9173817
54.8907310; 942.7771506; -25.8430626; 2.3394163; -1.5528961; -0.0176288; 15.9522072; 4.2724521
55.0139111; 944.7745598; -23.8454876; 2.3426648; -1.5841157; -0.0136878; 16.4784885; 4.6965510
55.1330998; 946.7719690; -21.8493194; 2.2906885; -1.6085857; -0.0108176; 17.0382644; 4.9143783
55.2484130; 948.7693782; -19.8544761; 2.1954864; -1.6276072; -0.0084627; 17.6049567; 5.1244051
55.3600561; 950.7667875; -17.8605234; 2.0664496; -1.6425957; -0.0065804; 18.1770616; 5.2684703
55.4682461; 952.7641967; -15.8697601; 1.9109260; -1.6545213; -0.0053663; 18.7470571; 5.3644098
55.5732149; 954.7616059; -13.8802278; 1.7339577; -1.6642164; -0.0044872; 19.3101526; 5.4580276
55.6751837; 956.7590151; -11.8917356; 1.5390639; -1.6725713; -0.0038966; 19.8667014; 5.4142546
55.7743833; 958.7564243; -9.9059533; 1.3285748; -1.6801674; -0.0037116; 20.4037935; 5.4317196
55.8710340; 960.7538335; -7.9213166; 1.1033106; -1.6874178; -0.0035658; 20.9287726; 5.4528149
55.9653144; 962.7512428; -5.9377511; 0.8638396; -1.6944293; -0.0034431; 21.4428666; 5.3738393
56.0574021; 964.7486520; -3.9568668; 0.6110729; -1.7008440; -0.0029822; 21.9377310; 2.6470584
56.1479564; 966.7460612; -1.9769229; 0.3464766; -1.7062122; -0.0022689; 22.1774335; 8.1648851
56.2365757; 968.7434704; 0.0020334; 0.0729129; -1.7097962; -0.0013201; 22.9009998; 5.3443391
